Parameter,Term,Mean,SD,Q2.5,Q97.5
b_Intercept,Intercept,0.6417179624869375,0.08887449648968983,0.465712011424012,0.8174648415296691
b_eutroph,eutrophication composite,0.09262379340777348,0.08989612217472753,-0.08568933856094564,0.2704809294972383
