Parameter,Term,Mean,SD,Q2.5,Q97.5
b_Intercept,Intercept,1.3432940572141099,1.4503941483484974,-1.470488537218155,4.169304497259486
b_pH,pH,-0.06152863415582417,0.20496088507234636,-0.45851384949552265,0.34211093090468175
b_cal_log1p,calanoids,0.030548261302829012,0.2088653614459925,-0.38213531188899164,0.4326469260652197
