Parameter,Term,Mean,SD,Q2.5,Q97.5
b_Intercept,Intercept,0.4991233179800736,0.3598935108618936,-0.2005197897945083,1.2137304636671034
b_defor,deforestation (% forest loss),0.017907458860410404,0.011637091890882792,-0.005259016540040613,0.04047794552608009
b_eutroph,eutrophication composite,-0.03346643942616925,0.22074851888396985,-0.46907582900590433,0.405748073599897
