Parameter,Term,Mean,SD,Q2.5,Q97.5
b_Intercept,Intercept,7.622735322993357,0.2044146502199371,7.220043302792411,8.022879141810467
b_chl_log1p,chlorophyll,-1.2408140935868632,0.40435327664827964,-2.0321448746898874,-0.4440639090292369
