Parameter,Term,Mean,SD,Q2.5,Q97.5
b_Intercept,Intercept,0.3530913970449947,1.222561697416388,-2.0244048768970067,2.753403691137674
b_oxy,oxygen,0.005240471180291266,0.009320021909824448,-0.013120641040501344,0.023502672872037538
b_pH,pH,-0.037036861417676495,0.19123909236094358,-0.4179245378784029,0.33792874795921557
