Parameter,Term,Mean,SD,Q2.5,Q97.5
b_Intercept,Intercept,0.5083904791528674,0.4470385659277701,-0.3714854087559952,1.382509924992775
b_eutroph,eutrophication composite,-0.0339466025667735,0.2263250818836595,-0.4776875379939287,0.41277313175271346
b_cal_log1p,calanoids,-0.01697375623334409,0.32753041640394653,-0.6666877787757287,0.6509202862287948
b_defor,deforestation (% forest loss),0.01799909549952677,0.011849718172381528,-0.005577144594381721,0.04118823132953348
